4694825,14:47:17+03,2016-11-25
9360047,10:33:47+03,2018-04-28
7310181,13:22:47+03,2016-11-09
2602845,22:42:17+03,2017-06-06
2635499,23:27:30+03,2017-12-20
8692322,22:16:49+03,2017-07-17
2428589,19:45:07+03,2016-09-09
7042542,14:27:11+03,2016-08-10
6884766,00:14:57+03,2017-09-29
4255066,23:25:48+03,2017-05-25
7136841,08:59:55+03,2017-03-27
6618958,16:29:16+03,2018-02-12
7755127,09:53:09+03,2017-11-19
2610779,14:35:28+03,2018-04-19
9247437,13:34:05+03,2017-09-18
5394593,12:17:00+03,2016-12-14
559083,19:08:26+03,2017-09-03
5321961,07:29:18+03,2016-07-12
1572876,14:02:54+03,2016-11-03
2431946,10:06:22+03,2017-02-17
5609131,11:46:26+03,2016-10-16
8951111,23:06:00+03,2017-04-26
1925660,02:17:28+03,2017-05-03
1793519,03:41:56+03,2016-12-07
8217774,17:45:29+03,2017-10-23
5060730,05:08:01+03,2016-11-05
3118287,10:45:58+03,2018-04-04
2541810,05:46:49+03,2017-12-21
8697510,13:25:37+03,2018-03-23
213318,13:30:10+03,2017-12-23
2963257,07:48:54+03,2018-02-11
8739319,19:24:38+03,2017-04-18
2360840,07:37:04+03,2017-04-08
5971375,12:53:47+03,2017-09-11
4273072,03:24:22+03,2016-09-24
9448548,07:36:40+03,2017-01-15
9520264,20:04:58+03,2018-02-24
8897400,17:04:51+03,2017-04-13
4860230,03:54:20+03,2018-04-15
8731995,21:01:48+03,2016-10-15
5488282,02:41:14+03,2016-12-15
553895,15:27:15+03,2017-12-27
7537232,20:24:13+03,2018-02-28
5652161,14:39:25+03,2016-11-19
577393,12:57:42+03,2016-10-08
7503357,03:36:10+03,2016-10-21
116578,22:49:51+03,2018-02-08
4271546,18:36:10+03,2017-07-06
100098,21:12:06+03,2017-12-29
1308289,16:51:14+03,2016-09-19
5410767,14:07:23+03,2016-07-12
3652649,18:13:12+03,2016-12-25
4368897,23:20:05+03,2017-10-03
8531189,01:56:36+03,2017-08-27
1232300,07:45:03+03,2016-11-07
7857972,23:55:53+03,2017-07-02
8696290,17:31:39+03,2017-06-23
734559,02:25:38+03,2016-10-25
393677,15:11:29+03,2018-03-01
5950013,23:32:17+03,2017-08-02
3394776,08:26:22+03,2016-09-28
4480896,06:15:10+03,2017-12-27
707398,10:59:35+03,2017-09-10
1991272,11:22:40+03,2016-07-28
3776856,05:23:20+03,2017-04-05
1332703,04:46:39+03,2016-09-26
4985962,18:20:14+03,2017-06-13
5044251,13:53:56+03,2016-12-16
155030,23:04:47+03,2017-09-15
7852479,05:09:49+03,2016-07-20
1041871,08:50:58+03,2016-09-20
9171448,23:58:18+03,2017-07-31
7841797,23:34:05+03,2018-01-27
5602723,18:48:59+03,2017-06-15
1687623,19:16:24+03,2018-04-04
3435364,03:07:11+03,2017-05-01
7149659,00:54:37+03,2018-04-23
1145936,00:06:28+03,2016-05-10
4735718,23:24:19+03,2016-10-21
1898499,04:32:27+03,2018-03-04
3391114,21:45:27+03,2016-12-27
6044617,22:35:02+03,2017-01-12
2998658,13:50:50+03,2016-11-02
3623353,22:40:54+03,2016-12-18
6878663,19:46:06+03,2017-12-31
6861268,21:55:03+03,2016-11-08
4288941,23:33:35+03,2017-09-08
2672425,22:47:57+03,2016-07-19
2924805,07:33:58+03,2017-02-28
5158387,19:17:13+03,2016-11-30
1419068,15:00:35+03,2017-03-26
8108216,20:01:51+03,2018-01-28
1842042,09:18:06+03,2016-08-27
7498475,00:38:17+03,2016-10-20
2201539,07:35:41+03,2017-01-11
3993226,23:08:31+03,2016-12-21
8942872,11:53:48+03,2017-10-20
5444031,22:11:23+03,2018-01-24
9448853,13:05:40+03,2018-04-29
9389954,17:34:05+03,2016-12-31
4539795,12:56:00+03,2017-01-16
5557557,14:37:40+03,2017-09-26
973511,08:34:14+03,2016-09-02
8360901,00:18:40+03,2018-02-23
3945313,07:35:22+03,2017-10-20
9401551,09:03:46+03,2016-11-19
9588013,08:17:14+03,2017-09-23
9968567,22:47:15+03,2017-10-09
7471924,22:44:55+03,2016-08-05
3538514,08:48:39+03,2017-08-25
3104859,13:45:17+03,2016-08-30
8275452,18:07:51+03,2016-12-20
432129,14:26:24+03,2017-10-05
9530945,21:57:52+03,2016-06-22
4336548,02:03:51+03,2017-11-26
2344056,23:07:06+03,2017-08-11
3138428,21:35:05+03,2017-08-13
3941346,21:52:18+03,2017-11-13
1095582,22:16:19+03,2017-12-03
6236878,00:17:08+03,2017-08-20
903321,01:09:40+03,2016-09-30
8332215,08:55:13+03,2017-07-18
6194459,05:26:27+03,2018-02-07
9016419,04:03:00+03,2017-06-10
4039307,19:31:37+03,2017-06-27
9266053,23:00:02+03,2017-01-14
7445679,18:41:01+03,2017-12-23
4745179,09:07:05+03,2018-03-07
7858887,08:30:54+03,2017-02-12
8305359,12:38:34+03,2018-01-23
7661744,15:54:11+03,2017-02-07
2485657,05:02:29+03,2017-03-02
2674561,11:09:34+03,2016-09-26
2012635,01:11:10+03,2018-03-20
4655152,13:12:14+03,2017-06-06
6300355,01:37:39+03,2017-08-04
3798829,09:14:52+03,2017-11-26
1950379,02:55:41+03,2018-01-04
1238404,11:24:40+03,2017-07-28
5251771,21:24:59+03,2018-01-27
1544190,18:10:59+03,2016-06-12
4681092,22:07:57+03,2016-10-30
5224000,03:14:38+03,2017-02-23
3402405,09:19:23+03,2018-02-13
1223145,20:06:18+03,2016-06-21
1767273,22:29:19+03,2017-01-15
9424439,22:29:19+03,2017-05-05
9814759,23:53:39+03,2017-05-19
3148194,16:15:15+03,2017-08-11
9771424,08:14:37+03,2016-11-22
1652222,17:17:34+03,2017-07-13
8551331,04:22:27+03,2018-01-06
2631836,09:52:58+03,2017-09-20
256043,06:32:23+03,2016-06-25
4719849,16:53:53+03,2018-02-18
8674622,01:52:10+03,2017-09-05
9986573,01:45:49+03,2016-05-10
9783631,21:22:40+03,2016-05-27
6439820,02:45:35+03,2016-12-30
4247132,06:32:35+03,2017-07-12
524903,00:22:57+03,2016-12-25
9916688,21:09:29+03,2016-09-29
9624634,13:22:06+03,2018-03-15
4331360,14:59:59+03,2016-06-17
4559327,18:16:32+03,2017-01-21
7217713,00:41:00+03,2017-02-07
2086792,21:55:57+03,2016-06-14
2989808,08:32:32+03,2016-10-08
7402344,01:01:59+03,2017-05-20
3249207,00:13:50+03,2018-02-06
6638794,06:39:44+03,2016-11-20
9284974,17:24:35+03,2016-06-05
9366456,02:35:56+03,2017-10-04
4573670,09:35:11+03,2017-12-04
1093140,17:10:12+03,2017-06-04
7279358,05:10:03+03,2017-05-28
5764161,07:42:44+03,2016-08-25
2753602,21:59:41+03,2016-09-24
8262330,08:07:02+03,2018-02-26
6035462,05:17:19+03,2016-08-26
6907959,16:17:24+03,2016-09-13
4351502,05:17:30+03,2017-02-05
5958863,00:18:05+03,2017-07-08
9615784,09:31:41+03,2016-05-29
8110352,13:55:39+03,2016-10-16
929871,20:45:16+03,2016-12-14
6995240,06:43:15+03,2017-02-19
7082825,01:35:21+03,2016-11-19
9683838,12:21:31+03,2017-02-22
9051209,17:07:10+03,2016-11-20
9183960,10:26:00+03,2016-12-01
2499085,03:10:48+03,2017-10-02
6940918,22:30:36+03,2016-06-22
278016,19:56:43+03,2016-12-30
5337525,20:40:56+03,2018-03-15
4927063,13:51:50+03,2017-10-20
194092,10:15:51+03,2016-12-31
1172791,02:15:28+03,2016-11-15
3268433,22:33:11+03,2017-05-26
8429261,03:33:02+03,2016-07-30
4755860,07:55:44+03,2016-06-11
3298035,00:06:40+03,2016-08-11
5789185,17:02:26+03,2017-04-17
2068177,11:51:30+03,2018-04-21
938721,02:08:30+03,2017-08-28
3216248,05:38:56+03,2017-11-15
712281,05:04:06+03,2016-12-27
9906312,20:01:44+03,2017-07-26
4055176,21:46:35+03,2016-06-15
2489930,07:24:35+03,2018-02-18
850220,22:40:24+03,2017-05-02
1006165,11:18:27+03,2017-07-19
4417725,22:25:39+03,2016-12-16
7681580,16:34:54+03,2018-04-01
4015503,21:31:03+03,2016-10-19
9430237,23:10:07+03,2017-04-12
7338868,22:40:28+03,2017-06-05
353699,15:19:31+03,2018-02-16
3020630,12:39:16+03,2018-04-28
4241028,10:01:26+03,2017-10-13
3131104,01:40:40+03,2018-02-14
7068787,13:25:01+03,2016-07-02
5678101,19:40:47+03,2018-03-19
9501038,20:11:25+03,2017-11-07
7106934,03:30:38+03,2016-08-03
9389344,06:37:05+03,2018-04-21
4800416,17:57:46+03,2017-02-06
4272767,22:42:11+03,2018-04-05
9578858,11:07:34+03,2018-02-09
3877869,22:24:45+03,2017-11-29
8200074,17:17:03+03,2017-12-12
2618714,06:15:40+03,2016-07-06
5859376,16:40:27+03,2017-06-18
2096863,20:21:23+03,2016-10-08
8689576,18:32:45+03,2017-04-28
3601380,00:31:25+03,2018-03-25
6260987,17:48:43+03,2017-12-06
608826,19:48:57+03,2016-12-23
4081421,08:04:37+03,2016-05-07
1283265,18:56:50+03,2017-01-28
6096192,02:54:46+03,2016-11-18
976258,17:48:24+03,2016-06-26
7188111,00:40:42+03,2017-11-27
4726868,23:39:31+03,2017-12-10
5677491,04:37:46+03,2016-11-02
9761658,00:14:11+03,2016-11-19
5822144,09:49:13+03,2017-01-24
7994690,13:28:09+03,2017-04-10
317383,04:45:39+03,2017-05-05
8527527,07:22:53+03,2017-05-29
2796021,13:55:40+03,2017-06-25
149231,22:05:38+03,2017-01-12
328370,03:56:39+03,2016-08-05
3836365,23:54:46+03,2017-03-28
5922242,18:15:37+03,2016-08-20
5252991,18:18:57+03,2017-10-28
1022950,04:14:31+03,2017-05-01
7250672,07:54:12+03,2016-11-17
8013306,00:06:59+03,2018-04-30
2368470,11:10:41+03,2017-08-05
2713624,20:52:38+03,2016-10-06
5332947,18:34:02+03,2017-11-22
6881714,01:08:33+03,2017-11-14
5558167,00:34:39+03,2016-07-27
712891,19:07:07+03,2016-08-12
9645691,07:38:36+03,2017-08-16
5339966,10:09:42+03,2017-09-13
3884583,12:39:39+03,2016-08-24
5333252,00:03:02+03,2017-07-31
6751404,03:38:26+03,2017-04-12
1200562,02:12:46+03,2017-05-01
1410218,07:23:47+03,2017-03-01
1887208,01:32:23+03,2016-12-08
8212586,16:49:13+03,2018-02-16
7276001,11:22:58+03,2016-10-31
7197571,12:16:06+03,2016-06-19
687256,19:42:04+03,2016-05-06
591736,06:14:21+03,2016-06-19
1378785,14:15:01+03,2016-12-15
5309144,16:34:36+03,2016-05-24
7045899,00:58:28+03,2017-08-19
5451355,03:03:22+03,2017-07-24
6321412,01:43:25+03,2016-08-31
4807435,11:51:36+03,2017-05-21
1275635,07:32:34+03,2017-04-04
9353943,08:35:56+03,2017-07-30
9916382,15:40:30+03,2018-03-31
9754944,11:47:21+03,2017-01-02
8688965,03:29:44+03,2016-09-12
3862000,05:34:12+03,2016-07-04
4976197,14:08:34+03,2017-06-15
9214173,02:16:17+03,2017-10-20
9598389,15:30:06+03,2016-08-01
5538025,10:17:08+03,2016-12-05
9313355,22:30:54+03,2018-03-03
7247620,07:09:17+03,2017-12-05
9316407,22:22:44+03,2016-08-20
5944520,16:38:09+03,2018-03-20
5740357,17:56:16+03,2017-06-03
2917786,22:09:46+03,2017-09-16
8155518,19:30:59+03,2017-01-27
1643982,15:33:12+03,2016-09-14
2069703,10:28:32+03,2017-09-27
287171,07:55:38+03,2018-04-20
1428223,03:25:12+03,2018-01-23
4198914,01:10:08+03,2017-12-08
1113892,05:43:52+03,2018-02-27
8418274,04:10:16+03,2017-05-11
9447022,07:14:43+03,2018-03-14
171814,15:00:11+03,2017-07-04
685425,13:51:07+03,2016-06-21
1373597,02:17:54+03,2018-01-15
7524415,09:19:40+03,2018-04-18
1125184,22:16:36+03,2017-08-03
3596802,23:13:02+03,2016-10-04
8215638,04:05:26+03,2016-09-05
5972901,11:06:45+03,2018-02-18
3621521,16:50:56+03,2017-08-04
7660523,10:50:25+03,2016-11-07
3006897,02:38:38+03,2017-05-25
104981,02:46:59+03,2016-09-08
9223328,00:37:03+03,2017-06-02
5689087,08:36:02+03,2017-12-15
4809876,19:59:02+03,2017-11-19
233155,19:58:55+03,2017-01-10
4493104,23:16:27+03,2017-03-13
5494996,07:25:10+03,2017-11-04
7687073,10:06:46+03,2017-08-15
1669922,17:46:59+03,2017-05-24
993348,04:14:49+03,2017-09-06
9890748,06:51:06+03,2017-07-07
700989,20:35:50+03,2018-04-05
4727784,15:04:30+03,2016-09-03
5286561,13:09:25+03,2017-04-03
6688843,11:45:38+03,2017-07-04
7914124,00:40:13+03,2017-12-17
4719239,01:50:52+03,2016-12-01
8935242,06:53:57+03,2017-01-21
8701783,11:34:03+03,2016-10-31
8388978,22:41:34+03,2017-05-18
1956788,19:57:50+03,2017-06-11
8501893,16:13:16+03,2017-09-03
3742066,18:27:30+03,2016-08-11
6188050,01:09:58+03,2017-01-03
1752930,14:46:58+03,2016-05-05
5549012,02:17:42+03,2017-03-09
4622193,04:59:01+03,2016-06-23
373841,00:02:00+03,2017-06-28
4420167,06:37:43+03,2016-06-17
6639100,02:10:45+03,2017-06-24
9154664,06:44:52+03,2017-10-12
5008851,15:52:47+03,2016-09-07
5270997,00:22:03+03,2017-04-21
3334656,04:36:46+03,2017-02-19
151978,23:49:42+03,2016-11-05
9155579,16:19:53+03,2017-11-04
4617920,15:17:26+03,2017-07-31
2198182,13:48:36+03,2018-02-01
5426636,03:09:48+03,2016-10-15
6876526,08:27:09+03,2016-06-28
7773438,18:19:43+03,2018-02-14
4792176,18:29:36+03,2018-01-08
7791138,18:50:17+03,2016-09-10
7234192,17:20:58+03,2016-12-28
5050049,11:54:48+03,2017-10-11
7679139,00:46:58+03,2017-10-01
5057984,01:23:57+03,2017-01-11
4291077,14:14:38+03,2017-03-07
1760254,07:14:26+03,2017-10-31
2421570,13:38:57+03,2018-03-07
39673,22:21:01+03,2017-11-29
7109681,23:46:34+03,2016-05-28
8216553,08:59:07+03,2018-01-23
5581971,02:35:05+03,2017-09-20
548707,20:16:11+03,2018-04-21
9752503,01:39:09+03,2016-07-03
9731446,15:16:55+03,2016-12-05
8722840,05:50:33+03,2018-04-09
9397584,01:13:40+03,2016-10-26
1282044,00:03:51+03,2016-10-28
6617432,17:52:14+03,2016-12-30
8406678,00:11:59+03,2016-06-09
4398804,17:50:12+03,2016-07-27
5760804,00:29:49+03,2017-06-20
4187012,22:59:08+03,2016-07-18
6195984,06:48:25+03,2017-02-20
8364869,07:10:00+03,2018-01-31
2251282,05:20:41+03,2017-09-04
2752686,05:34:42+03,2017-11-20
8653260,06:58:53+03,2017-07-27
9108277,06:48:48+03,2016-05-14
4815980,16:30:10+03,2017-08-18
7626954,17:41:13+03,2016-06-15
7341004,10:17:03+03,2016-06-10
9441529,13:42:51+03,2017-10-30
2517396,18:44:14+03,2016-09-09
9122315,18:37:28+03,2016-10-01
8821717,12:27:39+03,2017-12-13
7177125,14:35:58+03,2016-07-07
9418030,05:27:10+03,2016-10-08
2551270,21:05:03+03,2016-05-26
4657898,14:09:24+03,2017-01-23
5127564,22:22:57+03,2017-04-30
4580384,00:01:01+03,2018-01-17
8226319,22:29:41+03,2018-01-20
1412049,01:32:49+03,2017-08-21
1105347,11:11:29+03,2017-11-30
2066956,06:44:28+03,2017-07-21
1459961,17:04:58+03,2017-07-17
646668,08:37:02+03,2017-12-03
7922974,21:44:08+03,2017-11-22
940247,20:52:01+03,2016-08-02
2564698,03:26:12+03,2017-02-28
8924256,20:49:12+03,2016-10-19
3392945,02:36:24+03,2016-11-12
5262757,15:09:51+03,2017-10-25
6853028,11:55:42+03,2018-04-07
7807313,16:58:54+03,2017-05-30
327759,18:59:40+03,2017-09-16
4096985,19:52:59+03,2017-05-20
4637452,09:56:54+03,2017-02-10
3858338,03:46:17+03,2016-10-02
6539917,02:19:23+03,2018-02-10
1505433,22:25:03+03,2016-09-24
1230469,01:54:05+03,2017-09-13
8639832,13:48:00+03,2016-05-08
4841919,18:27:46+03,2018-01-18
6550599,23:54:56+03,2016-07-06
6944581,12:26:03+03,2017-03-24
8714295,21:31:13+03,2016-08-26
3046265,04:48:53+03,2018-01-21
3294983,01:16:49+03,2018-03-12
7092286,16:53:35+03,2016-07-31
5644227,04:19:36+03,2017-12-04
3965455,18:17:51+03,2018-03-01
801087,18:35:21+03,2016-12-27
1986084,22:25:32+03,2017-06-04
5992127,11:39:17+03,2017-03-31
5411988,18:14:25+03,2016-10-11
3131409,08:09:39+03,2016-11-14
6938477,16:55:54+03,2016-12-21
1320496,23:48:56+03,2017-06-14
198365,06:54:45+03,2018-04-20
9348450,16:04:04+03,2018-03-17
2261963,11:56:26+03,2016-12-12
8191834,07:04:51+03,2017-04-15
6137085,11:16:49+03,2016-10-14
3514710,10:50:30+03,2018-01-15
3269043,13:36:12+03,2016-11-26
8168641,23:31:16+03,2016-07-09
6040650,05:25:07+03,2016-12-20
4692688,21:32:20+03,2016-09-17
272217,04:40:59+03,2017-08-16
7813416,19:27:45+03,2018-02-26
7721558,17:42:57+03,2018-04-14
6944886,14:40:31+03,2018-02-20
8583985,19:59:20+03,2017-07-22
8688660,13:40:50+03,2018-04-17
3992310,09:05:05+03,2017-08-23
9333802,18:17:25+03,2018-03-21
8516846,12:58:37+03,2017-04-29
7356873,02:56:40+03,2017-12-23
2665406,16:41:46+03,2018-04-28
5921937,22:43:36+03,2017-05-10
5383301,19:48:50+03,2018-04-18
5380555,23:05:40+03,2016-07-27
6553345,22:10:52+03,2017-05-08
5771790,11:05:01+03,2018-03-18
9495850,15:31:01+03,2016-07-06
9322205,00:22:52+03,2018-02-06
3468628,07:13:36+03,2018-04-05
2945862,20:48:05+03,2017-12-09
6166993,06:52:28+03,2018-03-31
744324,09:22:42+03,2017-11-08
6223755,21:40:49+03,2018-01-30
6506653,15:00:35+03,2016-06-25
5709229,19:17:31+03,2016-05-12
6209412,07:41:05+03,2016-11-24
2631226,19:49:57+03,2017-05-07
516663,11:35:09+03,2018-02-20
3435059,15:03:24+03,2017-01-07
7279969,03:25:30+03,2016-11-24
5503541,01:40:58+03,2016-08-04
4038392,09:56:35+03,2017-04-03
9656983,05:32:42+03,2016-08-16
518494,05:12:28+03,2018-04-06
2653199,22:40:29+03,2016-11-05
1134339,21:08:11+03,2016-06-21
9687501,21:58:58+03,2016-11-23
7487488,11:43:01+03,2018-02-18
6892701,07:34:46+03,2017-01-24
867005,14:35:48+03,2018-02-22
3839112,03:38:50+03,2017-01-19
4749451,05:44:59+03,2016-11-16
6034546,19:43:18+03,2017-12-18
7298890,22:50:03+03,2017-05-23
7424317,17:46:03+03,2017-11-12
3866883,08:29:29+03,2016-07-05
2891236,22:53:24+03,2017-11-30
9492493,21:43:57+03,2017-08-09
755616,21:43:08+03,2018-04-14
1402283,05:54:59+03,2017-08-23
5275269,18:55:25+03,2016-09-06
1510315,06:48:24+03,2016-09-25
9145508,11:58:39+03,2016-07-08
8918152,17:19:21+03,2016-07-18
5999146,18:43:27+03,2018-03-28
2414856,02:04:47+03,2018-01-22
2906495,05:37:02+03,2018-04-12
2976990,22:10:21+03,2016-08-20
2875367,17:23:48+03,2016-07-03
6268616,08:41:41+03,2018-02-10
7351075,17:42:46+03,2016-10-05
5141297,17:54:57+03,2018-04-11
8716431,07:50:10+03,2017-11-02
2134095,00:13:29+03,2016-12-02
2791749,06:20:48+03,2017-11-10
1973572,11:45:20+03,2016-06-08
1334839,06:31:58+03,2017-10-02
4073792,10:43:08+03,2018-02-24
4541016,07:49:58+03,2017-04-17
5036316,04:35:08+03,2016-10-29
3543091,15:56:49+03,2016-09-20
1150208,02:28:34+03,2016-09-25
2911377,09:26:39+03,2016-05-27
892029,16:42:23+03,2017-03-06
3153687,13:51:27+03,2017-12-24
7425843,03:30:33+03,2016-05-17
3215333,22:03:55+03,2016-11-12
1103211,01:08:08+03,2016-07-29
2979126,08:29:18+03,2017-11-08
1963196,11:37:34+03,2016-10-20
5765381,20:01:52+03,2016-11-25
2232361,10:57:09+03,2018-01-23
831910,08:08:57+03,2018-02-08
8824769,15:12:35+03,2017-10-28
5874024,14:27:06+03,2017-06-14
5841980,22:38:52+03,2018-04-15
9524537,16:42:52+03,2016-11-27
7073060,05:52:27+03,2016-11-17
3853760,16:45:23+03,2017-08-13
8494568,14:36:06+03,2018-03-07
6869507,07:07:15+03,2017-05-19
770569,19:27:29+03,2016-09-19
5017090,17:56:59+03,2017-07-21
1752625,02:22:36+03,2017-08-25
5679322,22:46:48+03,2017-12-18
8979798,10:07:53+03,2017-12-18
9676514,10:54:14+03,2016-08-21
2178650,19:10:08+03,2018-02-06
3766480,17:06:29+03,2016-08-17
5763245,17:17:45+03,2017-12-19
3144532,03:32:20+03,2017-04-26
1335145,02:03:59+03,2017-03-28
3943482,09:12:15+03,2016-12-31
183411,18:58:27+03,2017-08-15
5733643,05:22:06+03,2016-05-18
5784607,02:30:15+03,2018-01-28
4022828,23:08:13+03,2017-05-16
6302796,10:49:43+03,2018-02-02
2756348,18:16:37+03,2016-07-18
7089539,13:09:31+03,2016-10-06
6817017,03:57:34+03,2018-03-02
3183899,19:43:24+03,2016-08-28
4525147,15:09:21+03,2017-08-24
1812439,09:17:23+03,2017-04-27
138550,20:57:11+03,2017-08-04
4889222,03:39:55+03,2017-02-06
6352540,03:06:40+03,2018-02-12
1515809,23:21:16+03,2018-04-25
6799927,08:14:35+03,2016-12-31
481263,12:34:00+03,2017-05-31
8551026,09:51:26+03,2018-04-30
2762146,06:22:05+03,2016-06-27
4613648,10:42:14+03,2016-09-20
4022522,02:37:13+03,2017-09-07
6433106,09:18:49+03,2017-02-12
7113953,21:25:28+03,2017-11-23
6392212,23:52:51+03,2017-06-19
4575501,15:25:08+03,2016-08-18
311280,14:24:03+03,2017-08-06
1133729,06:05:10+03,2016-11-05
9948121,02:00:44+03,2017-09-22
6202698,02:23:19+03,2017-01-07
5498047,10:09:06+03,2017-09-18
6383973,13:40:39+03,2016-10-09
8093873,11:19:03+03,2016-11-27
7966614,09:33:06+03,2018-03-05
2305909,05:14:23+03,2017-09-12
9427186,21:25:11+03,2017-02-24
8641968,00:06:57+03,2016-07-16
3929749,21:47:00+03,2017-10-01
6047364,18:50:58+03,2017-10-30
1825867,06:25:43+03,2017-08-06
4404908,08:18:13+03,2016-10-28
3154603,00:12:06+03,2016-08-20
7034913,12:03:12+03,2016-10-15
142518,13:07:05+03,2017-07-11
3195191,11:21:26+03,2017-03-24
9703675,20:06:35+03,2016-06-21
581055,23:38:36+03,2016-07-10
5939637,23:13:02+03,2018-03-21
7825318,01:41:06+03,2017-12-17
2639466,16:37:25+03,2016-10-10
6998292,17:41:14+03,2017-04-06
5779725,20:53:22+03,2018-01-29
6107789,06:54:03+03,2016-10-07
6024476,08:15:31+03,2016-05-24
1599122,14:49:17+03,2017-12-11
1225281,13:51:13+03,2018-01-07
855103,06:33:03+03,2016-05-04
8921204,20:04:17+03,2016-09-03
4696045,03:46:16+03,2017-02-25
8838807,20:36:19+03,2017-06-09
9879761,21:45:22+03,2017-10-09
5392151,19:34:37+03,2016-06-14
1601563,23:01:21+03,2017-06-11
182801,03:54:26+03,2018-04-01
5994263,00:19:20+03,2018-03-30
4499817,10:50:37+03,2017-01-28
2628174,20:33:53+03,2017-06-22
1819764,10:54:34+03,2017-11-07
7011109,14:02:38+03,2018-04-13
306702,13:17:10+03,2016-05-23
3088379,17:21:53+03,2016-10-11
5312195,04:20:02+03,2016-07-09
5742798,21:31:15+03,2017-12-01
1875306,21:35:53+03,2017-12-09
3294678,16:53:45+03,2017-07-04
7222596,13:22:41+03,2017-02-09
1832,13:10:07+03,2016-12-28
3268128,17:37:23+03,2017-09-18
8559571,07:03:55+03,2017-07-28
9113465,18:51:41+03,2016-09-06
2600709,11:15:14+03,2017-08-14
3547669,18:03:42+03,2018-04-08
9195557,16:11:51+03,2016-10-20
7547303,21:54:07+03,2016-11-01
1351929,17:58:23+03,2016-06-08
6776429,16:52:32+03,2017-10-04
515137,11:25:23+03,2016-12-22
4086609,02:37:50+03,2018-01-06
9067994,01:11:46+03,2017-08-04
2016907,20:06:17+03,2016-11-03
2830811,01:59:50+03,2016-11-05
5293885,08:51:58+03,2017-12-02
3561402,23:24:23+03,2016-06-25
3331605,16:16:52+03,2017-01-04
1455079,22:57:43+03,2017-07-18
2731629,22:46:21+03,2017-06-19
7644654,18:11:47+03,2016-08-04
9783021,12:12:53+03,2017-11-26
6700440,07:46:21+03,2017-08-16
2962342,23:24:42+03,2018-01-19
9130250,02:56:17+03,2017-10-18
5433655,01:33:56+03,2017-09-12
3879395,23:35:47+03,2017-05-01
7548523,17:48:05+03,2017-02-01
830689,03:01:56+03,2017-05-11
9346009,22:22:26+03,2017-09-16
3304444,15:35:03+03,2017-03-06
3052674,01:47:32+03,2017-06-28
558472,17:33:09+03,2016-05-19
5582581,10:07:30+03,2018-02-03
288086,00:17:57+03,2017-05-12
1037293,10:56:52+03,2017-08-25
1126099,09:56:59+03,2017-08-26
3205872,15:52:52+03,2017-07-04
5142823,05:05:35+03,2016-12-18
8064881,01:22:49+03,2017-03-13
346070,02:28:13+03,2016-09-24
6278382,22:47:07+03,2018-02-08
3181153,22:27:28+03,2016-11-03
5697938,09:51:15+03,2016-10-16
1030884,02:43:51+03,2016-06-18
3862610,16:31:11+03,2017-07-19
4715577,09:06:48+03,2017-07-06
498963,13:03:34+03,2018-04-11
993042,13:54:46+03,2017-12-29
21058,13:16:34+03,2017-12-26
5058594,07:11:36+03,2018-01-08
4030457,03:22:10+03,2017-02-14
3045044,23:42:51+03,2016-05-16
3816224,15:13:17+03,2016-08-07
4522706,23:17:10+03,2018-02-23
2854920,08:28:16+03,2016-07-20
4999390,16:27:33+03,2017-09-09
9310608,01:14:58+03,2017-12-25
8420411,17:50:19+03,2018-03-03
8534852,09:00:03+03,2017-11-25
9668580,01:34:25+03,2016-07-05
5566712,02:47:07+03,2017-05-10
7064209,15:31:54+03,2017-11-13
7632752,06:56:30+03,2018-04-14
4865113,12:08:21+03,2016-05-25
6647034,04:46:38+03,2017-05-07
5766602,23:07:54+03,2017-02-24
1711121,21:45:58+03,2018-03-06
3401490,23:45:22+03,2016-08-15
1614075,11:34:39+03,2017-01-21
4840088,10:01:45+03,2017-12-04
7332459,06:37:19+03,2017-12-29
3090210,11:30:56+03,2016-08-27
4530335,19:24:21+03,2018-05-01
9597168,19:36:07+03,2017-05-06
6059266,20:19:41+03,2017-08-20
6743775,16:07:19+03,2018-03-21
4458313,11:20:38+03,2018-02-17
350342,21:32:27+03,2017-02-09
4454041,09:58:31+03,2017-07-05
2174683,11:18:31+03,2016-07-06
5460511,23:48:59+03,2016-07-02
2412110,22:20:43+03,2016-10-20
4079285,18:23:34+03,2017-07-09
2195435,11:04:33+03,2017-11-25
6599427,21:50:48+03,2016-07-19
6094971,22:48:44+03,2016-08-19
1497498,14:53:42+03,2016-08-07
4618531,03:20:27+03,2016-09-21
1937562,18:50:23+03,2018-02-22
6711426,03:46:28+03,2017-05-14
8271180,15:45:45+03,2016-08-04
2256470,04:14:00+03,2017-05-11
537415,09:48:55+03,2017-11-16
4573975,07:35:23+03,2017-01-25
962830,19:41:05+03,2016-09-22
2921753,13:19:40+03,2017-08-23
6461487,18:26:04+03,2017-06-24
4995118,08:33:07+03,2018-01-25
1134949,11:27:22+03,2017-02-05
9426880,16:57:12+03,2016-11-02
8772278,01:37:50+03,2017-08-11
8287354,06:00:26+03,2017-07-06
5350037,14:30:56+03,2017-04-19
9584351,19:58:08+03,2017-03-14
1532288,02:57:52+03,2017-06-06
9763184,00:36:09+03,2018-03-25
5170594,22:23:39+03,2016-06-03
6206666,11:25:09+03,2017-08-05
3804017,22:11:59+03,2017-08-03
9735108,20:40:44+03,2017-12-31
7159119,12:02:10+03,2017-01-23
7106324,04:04:55+03,2016-12-18
9649964,10:59:42+03,2018-03-31
3515626,20:23:06+03,2018-02-07
2878113,22:07:52+03,2017-05-12
5095826,11:34:52+03,2016-10-22
8132630,15:33:08+03,2018-01-21
1417237,09:09:37+03,2018-04-28
8890076,04:56:33+03,2016-10-10
7987671,16:16:35+03,2017-01-30
3314515,20:56:17+03,2016-07-01
8752442,05:51:15+03,2017-12-08
6757508,22:28:59+03,2018-02-22
8594361,02:30:29+03,2017-12-03
4258118,02:10:44+03,2018-04-09
5833741,08:51:04+03,2016-12-12
3042908,11:01:48+03,2017-03-08
4728394,01:01:29+03,2017-05-18
5025940,18:12:11+03,2017-03-13
7973633,20:10:38+03,2016-09-11
9308777,03:14:33+03,2016-10-26
9202271,19:52:34+03,2016-09-06
4680481,07:04:56+03,2017-03-16
5484620,08:16:25+03,2017-03-16
2117615,21:36:53+03,2017-01-13
9828492,17:32:58+03,2016-05-15
7284241,21:34:10+03,2017-05-27
3679200,06:10:00+03,2017-03-11
3031922,00:33:02+03,2017-10-02
9419556,05:05:12+03,2017-05-06
1899720,08:39:28+03,2017-12-02
2869874,11:41:54+03,2016-11-15
8614197,04:57:37+03,2017-01-30
5787964,09:43:10+03,2017-01-15
2589417,21:50:36+03,2018-03-10
8369141,13:06:28+03,2016-12-21
426941,20:08:17+03,2016-08-08
1746216,04:12:48+03,2018-03-20
8415833,02:40:21+03,2016-10-26
489502,20:16:46+03,2016-09-15
5032654,04:45:21+03,2017-01-28
5106812,00:31:07+03,2017-08-12
3441468,23:37:19+03,2016-08-02
4543458,23:36:54+03,2016-10-17
3993836,13:11:31+03,2016-08-06
8682251,16:55:35+03,2017-11-10
6728821,09:44:53+03,2017-02-19
843506,12:07:14+03,2016-06-15
3872986,05:59:38+03,2017-11-30
285035,01:02:53+03,2017-06-28
2340394,11:49:34+03,2017-05-13
4702149,15:23:27+03,2018-04-09
6232605,23:43:32+03,2016-08-31
2727662,14:57:16+03,2017-02-24
9338685,21:46:16+03,2018-03-19
6431885,04:12:48+03,2016-11-13
7635193,15:09:33+03,2017-10-12
3822632,15:23:08+03,2017-07-06
1786194,03:04:46+03,2016-06-05
1345215,16:13:21+03,2016-07-22
9643250,22:25:33+03,2018-02-15
6382447,07:35:57+03,2017-06-21
8745423,22:53:29+03,2016-07-20
9754639,15:20:12+03,2017-12-26
8819275,00:58:51+03,2017-06-14
8219605,11:55:31+03,2017-12-07
4278870,21:12:20+03,2018-01-02
6972657,13:48:43+03,2016-12-30
6725770,11:29:49+03,2017-09-01
2146607,10:57:23+03,2016-09-28
7449036,11:28:06+03,2017-07-15
3311768,17:12:13+03,2017-12-29
9925232,08:13:17+03,2016-07-02
5975953,10:46:54+03,2016-09-03
2318421,06:56:29+03,2016-10-19
4084473,05:19:41+03,2016-06-22
9980164,03:49:36+03,2017-11-21
2520142,21:27:18+03,2016-07-03
7949524,01:40:04+03,2017-09-08
9603272,23:33:35+03,2018-02-02
3453064,19:02:58+03,2016-06-21
9591675,02:03:15+03,2017-12-22
8404847,06:02:57+03,2016-07-24
5180665,19:53:41+03,2017-12-08
1906434,21:13:38+03,2016-08-21
3052,18:16:09+03,2017-03-30
2746888,15:04:43+03,2017-10-29
1129151,09:12:03+03,2017-07-10
1902771,07:54:33+03,2016-11-19
1566773,12:05:31+03,2018-02-03
5038147,12:13:29+03,2017-12-22
2761231,21:47:04+03,2016-07-19
5004578,19:14:53+03,2017-04-22
7095337,07:29:55+03,2017-12-21
4341126,17:27:49+03,2016-06-19
389405,11:49:23+03,2017-02-19
7774354,09:45:41+03,2018-03-08
4401246,02:02:16+03,2017-01-26
4718323,18:15:50+03,2017-09-12
9326172,14:25:36+03,2016-08-23
1774598,23:06:29+03,2016-07-18
6296998,08:50:34+03,2016-08-25
5232239,17:03:27+03,2018-02-01
9884034,18:25:16+03,2017-04-14
3567811,14:16:21+03,2017-08-18
595093,11:28:16+03,2016-11-27
9945374,16:54:46+03,2017-02-20
7375489,04:45:21+03,2017-11-25
4716492,23:06:48+03,2017-02-07
108033,04:31:55+03,2017-11-11
7920228,00:28:12+03,2016-12-21
2113038,03:08:34+03,2018-05-02
1783143,17:48:53+03,2017-04-20
2648316,16:23:12+03,2017-11-01
3219300,04:54:01+03,2017-09-30
9409180,17:26:37+03,2016-09-13
6330262,00:30:12+03,2016-09-25
1028443,10:42:39+03,2016-12-17
4905091,11:00:18+03,2018-04-26
9576417,04:17:57+03,2017-08-11
4920350,03:17:40+03,2017-09-06
3060914,15:35:20+03,2016-08-19
7040101,23:39:14+03,2017-02-08
7927247,04:16:32+03,2017-03-01
9115906,12:58:57+03,2017-03-08
1558228,17:17:15+03,2017-11-06
8686829,14:48:41+03,2016-07-05
4774170,22:29:10+03,2017-06-21
5479432,20:12:32+03,2016-11-20
4332886,08:16:38+03,2017-08-27
3907776,04:43:06+03,2018-04-07
5429688,18:43:50+03,2016-11-30
5573426,09:17:17+03,2017-03-16
4197388,23:48:11+03,2017-07-02
1765442,03:20:16+03,2017-03-01
206299,06:24:00+03,2016-07-05
5960389,22:57:31+03,2017-12-14
8964234,21:57:15+03,2017-11-30
6322327,17:09:23+03,2016-08-08
4416504,19:18:38+03,2016-09-15
8202820,01:37:27+03,2016-07-18
1445923,03:53:38+03,2017-12-04
6640931,02:17:47+03,2017-08-08
8372803,23:48:23+03,2017-12-14
8863221,08:40:54+03,2017-04-04
9454957,07:04:03+03,2016-08-10
6783753,06:23:12+03,2018-04-02
7387696,22:47:38+03,2017-05-23
9504090,00:42:13+03,2017-09-21
5803834,20:16:47+03,2017-05-17
5813294,09:34:01+03,2016-12-30
1773682,09:07:06+03,2018-01-26
6687928,01:17:55+03,2017-03-27
8305054,04:31:00+03,2017-04-21
7792054,09:16:16+03,2018-01-17
6843262,00:53:38+03,2016-05-28
1977234,23:11:20+03,2017-03-09
9771119,09:55:58+03,2018-02-05
1782532,07:51:54+03,2016-09-04
2908936,21:24:58+03,2017-10-11
1934510,20:35:18+03,2016-05-29
8014527,19:00:57+03,2018-01-29
1847230,01:24:21+03,2017-09-16
5283204,19:22:20+03,2016-10-24
8122254,08:13:12+03,2017-09-09
5847779,01:58:50+03,2017-05-02
7048646,03:42:32+03,2016-11-11
4278565,21:57:14+03,2016-05-12
7102967,11:20:44+03,2018-02-25
1083375,16:17:36+03,2017-06-06
1449280,22:40:43+03,2017-03-11
5207520,22:59:32+03,2017-06-02
439148,02:07:00+03,2017-02-09
6533814,16:49:20+03,2017-05-13
4111634,00:32:14+03,2017-05-16
8382569,07:39:25+03,2017-12-11
4693299,06:28:20+03,2017-05-03
11597,23:40:13+03,2016-12-30
9098206,11:29:31+03,2017-01-17
9116211,06:30:57+03,2018-03-08
1427918,13:45:22+03,2017-04-20
4329224,03:41:02+03,2017-05-29
5471497,11:45:50+03,2017-12-02
7720948,06:45:58+03,2017-11-28
7205506,19:42:17+03,2016-08-06
7299195,18:19:31+03,2016-08-07
7294007,16:15:10+03,2017-05-24
9509278,09:00:13+03,2017-04-09
3588563,13:01:50+03,2017-05-13
1734009,10:10:31+03,2016-12-14
3628235,17:21:47+03,2016-12-19
4793702,19:06:38+03,2017-03-22
7139588,16:22:42+03,2017-08-18
5446167,07:30:20+03,2016-10-20
8536683,19:29:28+03,2016-08-27
8886719,11:09:28+03,2017-05-05
9421082,03:43:14+03,2016-11-24
1248169,00:24:40+03,2017-07-25
1081849,14:55:38+03,2017-12-29
2100831,10:07:17+03,2016-11-01
6995545,20:24:18+03,2016-06-13
6952515,04:07:14+03,2016-05-10
5326233,16:30:22+03,2016-11-27
9748536,03:49:30+03,2018-03-29
1425477,23:41:08+03,2016-10-19
5371705,22:50:27+03,2016-07-02
332337,21:06:33+03,2016-08-29
2142334,15:01:18+03,2018-04-25
9273377,21:22:52+03,2016-07-18
4318238,17:36:17+03,2017-08-31
162659,02:24:36+03,2017-11-20
4594727,16:17:41+03,2017-05-01
2101746,03:58:16+03,2016-10-10
6604615,12:51:39+03,2016-11-11
3879700,16:33:48+03,2016-08-23
7418213,15:17:12+03,2016-07-23
6473084,08:11:47+03,2017-08-05
43335,10:58:28+03,2018-02-27
5545960,04:01:37+03,2017-01-22
5925293,16:30:41+03,2016-10-06
3949891,05:28:28+03,2018-02-10
7446900,22:47:03+03,2017-09-22
4223938,00:03:33+03,2016-05-20
428467,20:31:15+03,2017-07-07
1094666,16:48:14+03,2017-11-10
6627808,04:55:05+03,2016-08-18
3976136,10:56:28+03,2016-06-17
6240235,19:04:13+03,2016-06-25
9469910,18:49:10+03,2016-12-06
398560,16:01:58+03,2018-02-27
3865052,08:19:07+03,2018-01-17
3673096,09:38:52+03,2017-09-28
5638123,20:47:49+03,2016-07-01
6571656,05:38:26+03,2017-02-02
7953187,07:40:25+03,2017-12-07
8039551,16:53:21+03,2017-06-08
1161805,16:11:44+03,2018-01-23
7959595,06:59:18+03,2017-04-24
5303040,14:04:45+03,2017-02-20
9652100,23:57:49+03,2016-08-15
2603455,08:40:16+03,2016-11-15
2374878,19:25:44+03,2016-08-26
9977112,17:04:03+03,2018-01-06
3823243,00:20:07+03,2017-11-20
1525574,08:06:32+03,2018-04-23
2630005,07:55:38+03,2017-08-06
1037903,01:00:53+03,2018-01-09
865479,14:57:45+03,2016-12-20
4490662,06:34:10+03,2016-09-11
6537476,03:32:15+03,2017-08-12
2547913,19:20:36+03,2017-09-19
6091309,10:30:39+03,2016-11-17
3061219,01:34:14+03,2017-09-25
6909791,22:07:21+03,2018-02-06
3569642,07:25:23+03,2017-10-02
9813233,01:15:36+03,2016-09-25
3799744,03:48:41+03,2016-09-17
1559449,10:27:21+03,2017-08-06
8165589,23:52:14+03,2018-04-14
